1588056813.779685,015bc7e7-2a5b-4b4e-9160-53f0d1be2b63,-78,4
1588056813.830084,015bc7e7-2a5b-4b4e-9160-53f0d1be2b63,-78,5
1588056813.880459,015bc7e7-2a5b-4b4e-9160-53f0d1be2b63,-78,6
1588056813.9308348,015bc7e7-2a5b-4b4e-9160-53f0d1be2b63,-78,7
1588056813.9812028,015bc7e7-2a5b-4b4e-9160-53f0d1be2b63,-78,8
1588056814.03157,015bc7e7-2a5b-4b4e-9160-53f0d1be2b63,-78,9
1588056814.0819356,015bc7e7-2a5b-4b4e-9160-53f0d1be2b63,-78,10
1588056814.1323118,015bc7e7-2a5b-4b4e-9160-53f0d1be2b63,-78,11
1588056814.182685,015bc7e7-2a5b-4b4e-9160-53f0d1be2b63,-78,12
1588056814.2330642,015bc7e7-2a5b-4b4e-9160-53f0d1be2b63,-78,0
1588056814.283475,015bc7e7-2a5b-4b4e-9160-53f0d1be2b63,-78,1
1588056814.3342993,015bc7e7-2a5b-4b4e-9160-53f0d1be2b63,-78,2
1588056814.3849397,015bc7e7-2a5b-4b4e-9160-53f0d1be2b63,-78,3
1588056814.435909,015bc7e7-2a5b-4b4e-9160-53f0d1be2b63,-78,4
1588056814.486504,015bc7e7-2a5b-4b4e-9160-53f0d1be2b63,-78,5
1588056814.537341,015bc7e7-2a5b-4b4e-9160-53f0d1be2b63,-78,6
1588056814.587943,015bc7e7-2a5b-4b4e-9160-53f0d1be2b63,-78,7
1588056814.6387932,015bc7e7-2a5b-4b4e-9160-53f0d1be2b63,-78,8
1588056814.689382,015bc7e7-2a5b-4b4e-9160-53f0d1be2b63,-78,9
1588056814.7402246,015bc7e7-2a5b-4b4e-9160-53f0d1be2b63,-78,10
1588056814.790849,015bc7e7-2a5b-4b4e-9160-53f0d1be2b63,-78,11
1588056814.8417118,015bc7e7-2a5b-4b4e-9160-53f0d1be2b63,-78,12
1588056814.892337,015bc7e7-2a5b-4b4e-9160-53f0d1be2b63,-78,0
1588056814.943201,015bc7e7-2a5b-4b4e-9160-53f0d1be2b63,-78,1
1588056814.993813,015bc7e7-2a5b-4b4e-9160-53f0d1be2b63,-78,2
1588056815.044649,015bc7e7-2a5b-4b4e-9160-53f0d1be2b63,-78,3
1588056815.0952504,015bc7e7-2a5b-4b4e-9160-53f0d1be2b63,-78,4
1588056815.146211,015bc7e7-2a5b-4b4e-9160-53f0d1be2b63,-78,5
1588056815.1968307,015bc7e7-2a5b-4b4e-9160-53f0d1be2b63,-78,6
1588056815.2476907,015bc7e7-2a5b-4b4e-9160-53f0d1be2b63,-78,7
1588056815.2982697,015bc7e7-2a5b-4b4e-9160-53f0d1be2b63,-78,8
1588056815.3487504,015bc7e7-2a5b-4b4e-9160-53f0d1be2b63,-78,9
1588056815.3992612,015bc7e7-2a5b-4b4e-9160-53f0d1be2b63,-78,10
1588056815.4500954,015bc7e7-2a5b-4b4e-9160-53f0d1be2b63,-78,11
1588056815.5007148,015bc7e7-2a5b-4b4e-9160-53f0d1be2b63,-78,12
1588056815.5515552,015bc7e7-2a5b-4b4e-9160-53f0d1be2b63,-78,0
1588056815.6021903,015bc7e7-2a5b-4b4e-9160-53f0d1be2b63,-78,1
1588056815.653379,015bc7e7-2a5b-4b4e-9160-53f0d1be2b63,-78,2
1588056815.7039857,015bc7e7-2a5b-4b4e-9160-53f0d1be2b63,-78,3
1588056815.7546024,015bc7e7-2a5b-4b4e-9160-53f0d1be2b63,-78,4
1588056815.8052392,015bc7e7-2a5b-4b4e-9160-53f0d1be2b63,-78,5
1588056815.8561985,015bc7e7-2a5b-4b4e-9160-53f0d1be2b63,-78,6
1588056815.9068193,015bc7e7-2a5b-4b4e-9160-53f0d1be2b63,-78,7
1588056815.9576502,015bc7e7-2a5b-4b4e-9160-53f0d1be2b63,-83,8
1588056816.0082412,015bc7e7-2a5b-4b4e-9160-53f0d1be2b63,-83,9
1588056816.0587137,015bc7e7-2a5b-4b4e-9160-53f0d1be2b63,-83,10
1588056816.1092112,015bc7e7-2a5b-4b4e-9160-53f0d1be2b63,-76,11
1588056816.1600215,015bc7e7-2a5b-4b4e-9160-53f0d1be2b63,-76,12
1588056816.2109995,015bc7e7-2a5b-4b4e-9160-53f0d1be2b63,-76,0
1588056816.2618828,015bc7e7-2a5b-4b4e-9160-53f0d1be2b63,-76,1
1588056816.312487,015bc7e7-2a5b-4b4e-9160-53f0d1be2b63,-76,2
1588056816.3633246,015bc7e7-2a5b-4b4e-9160-53f0d1be2b63,-76,3
1588056816.413962,015bc7e7-2a5b-4b4e-9160-53f0d1be2b63,-76,4
1588056816.4648426,015bc7e7-2a5b-4b4e-9160-53f0d1be2b63,-76,5
1588056816.5155292,015bc7e7-2a5b-4b4e-9160-53f0d1be2b63,-76,6
1588056816.5662262,015bc7e7-2a5b-4b4e-9160-53f0d1be2b63,-76,7
1588056816.6168509,015bc7e7-2a5b-4b4e-9160-53f0d1be2b63,-76,8
1588056816.6676688,015bc7e7-2a5b-4b4e-9160-53f0d1be2b63,-76,9
1588056816.7182965,015bc7e7-2a5b-4b4e-9160-53f0d1be2b63,-76,10
1588056816.7691498,015bc7e7-2a5b-4b4e-9160-53f0d1be2b63,-76,11
1588056816.8197863,015bc7e7-2a5b-4b4e-9160-53f0d1be2b63,-76,12
1588056816.8706653,015bc7e7-2a5b-4b4e-9160-53f0d1be2b63,-76,0
1588056816.9212708,015bc7e7-2a5b-4b4e-9160-53f0d1be2b63,-81,1
1588056816.9728985,015bc7e7-2a5b-4b4e-9160-53f0d1be2b63,-81,2
1588056817.0235403,015bc7e7-2a5b-4b4e-9160-53f0d1be2b63,-81,3
1588056817.0744524,015bc7e7-2a5b-4b4e-9160-53f0d1be2b63,-81,4
1588056817.1254373,015bc7e7-2a5b-4b4e-9160-53f0d1be2b63,-81,5
1588056817.1764019,015bc7e7-2a5b-4b4e-9160-53f0d1be2b63,-81,6
1588056817.2270162,015bc7e7-2a5b-4b4e-9160-53f0d1be2b63,-81,7
1588056817.2778726,015bc7e7-2a5b-4b4e-9160-53f0d1be2b63,-81,8
1588056817.3284838,015bc7e7-2a5b-4b4e-9160-53f0d1be2b63,-81,9
1588056817.379332,015bc7e7-2a5b-4b4e-9160-53f0d1be2b63,-81,10
1588056817.4299664,015bc7e7-2a5b-4b4e-9160-53f0d1be2b63,-81,11
1588056817.480869,015bc7e7-2a5b-4b4e-9160-53f0d1be2b63,-81,12
1588056817.5314918,015bc7e7-2a5b-4b4e-9160-53f0d1be2b63,-81,0
1588056817.5823922,015bc7e7-2a5b-4b4e-9160-53f0d1be2b63,-81,1
1588056817.6332335,015bc7e7-2a5b-4b4e-9160-53f0d1be2b63,-81,2
1588056817.6840744,015bc7e7-2a5b-4b4e-9160-53f0d1be2b63,-81,3
1588056817.7347095,015bc7e7-2a5b-4b4e-9160-53f0d1be2b63,-81,4
1588056817.7855487,015bc7e7-2a5b-4b4e-9160-53f0d1be2b63,-81,5
1588056817.836182,015bc7e7-2a5b-4b4e-9160-53f0d1be2b63,-81,6
1588056817.8870606,015bc7e7-2a5b-4b4e-9160-53f0d1be2b63,-81,7
1588056817.9379823,015bc7e7-2a5b-4b4e-9160-53f0d1be2b63,-81,8
1588056817.988689,015bc7e7-2a5b-4b4e-9160-53f0d1be2b63,-81,9
1588056818.0393302,015bc7e7-2a5b-4b4e-9160-53f0d1be2b63,-81,10
1588056818.0901082,015bc7e7-2a5b-4b4e-9160-53f0d1be2b63,-81,11
1588056818.1407454,015bc7e7-2a5b-4b4e-9160-53f0d1be2b63,-81,12
1588056818.1916611,015bc7e7-2a5b-4b4e-9160-53f0d1be2b63,-81,0
1588056818.2422874,015bc7e7-2a5b-4b4e-9160-53f0d1be2b63,-81,1
1588056818.2931376,015bc7e7-2a5b-4b4e-9160-53f0d1be2b63,-81,2
1588056818.343766,015bc7e7-2a5b-4b4e-9160-53f0d1be2b63,-81,3
1588056818.3949919,015bc7e7-2a5b-4b4e-9160-53f0d1be2b63,-81,4
1588056818.4460244,015bc7e7-2a5b-4b4e-9160-53f0d1be2b63,-81,5
1588056818.4967864,015bc7e7-2a5b-4b4e-9160-53f0d1be2b63,-81,6
1588056818.5473871,015bc7e7-2a5b-4b4e-9160-53f0d1be2b63,-81,7
1588056818.5982218,015bc7e7-2a5b-4b4e-9160-53f0d1be2b63,-81,8
1588056818.648836,015bc7e7-2a5b-4b4e-9160-53f0d1be2b63,-81,9
1588056818.6996763,015bc7e7-2a5b-4b4e-9160-53f0d1be2b63,-77,10
1588056818.750251,015bc7e7-2a5b-4b4e-9160-53f0d1be2b63,-77,11
1588056818.800724,015bc7e7-2a5b-4b4e-9160-53f0d1be2b63,-77,12
1588056818.8512452,015bc7e7-2a5b-4b4e-9160-53f0d1be2b63,-77,0
1588056818.902126,015bc7e7-2a5b-4b4e-9160-53f0d1be2b63,-77,1
1588056818.9527452,015bc7e7-2a5b-4b4e-9160-53f0d1be2b63,-80,2
1588056819.0035877,015bc7e7-2a5b-4b4e-9160-53f0d1be2b63,-80,3
1588056819.0542161,015bc7e7-2a5b-4b4e-9160-53f0d1be2b63,-80,4
1588056819.1051047,015bc7e7-2a5b-4b4e-9160-53f0d1be2b63,-80,5
1588056819.1557915,015bc7e7-2a5b-4b4e-9160-53f0d1be2b63,-80,6
1588056819.2066708,015bc7e7-2a5b-4b4e-9160-53f0d1be2b63,-80,7
1588056819.2572846,015bc7e7-2a5b-4b4e-9160-53f0d1be2b63,-80,8
1588056819.3081484,015bc7e7-2a5b-4b4e-9160-53f0d1be2b63,-80,9
1588056819.3587892,015bc7e7-2a5b-4b4e-9160-53f0d1be2b63,-80,10
1588056819.4096863,015bc7e7-2a5b-4b4e-9160-53f0d1be2b63,-80,11
1588056819.4603186,015bc7e7-2a5b-4b4e-9160-53f0d1be2b63,-80,12
1588056819.511136,015bc7e7-2a5b-4b4e-9160-53f0d1be2b63,-80,0
1588056819.5617328,015bc7e7-2a5b-4b4e-9160-53f0d1be2b63,-80,1
1588056819.6126254,015bc7e7-2a5b-4b4e-9160-53f0d1be2b63,-80,2
1588056819.6632369,015bc7e7-2a5b-4b4e-9160-53f0d1be2b63,-80,3
1588056819.7140245,015bc7e7-2a5b-4b4e-9160-53f0d1be2b63,-80,4
1588056819.7646391,015bc7e7-2a5b-4b4e-9160-53f0d1be2b63,-80,5
1588056819.8154964,015bc7e7-2a5b-4b4e-9160-53f0d1be2b63,-80,6
1588056819.866106,015bc7e7-2a5b-4b4e-9160-53f0d1be2b63,-80,7
1588056819.9168985,015bc7e7-2a5b-4b4e-9160-53f0d1be2b63,-80,8
1588056819.967502,015bc7e7-2a5b-4b4e-9160-53f0d1be2b63,-80,9
1588056820.0183814,015bc7e7-2a5b-4b4e-9160-53f0d1be2b63,-80,10
1588056820.0690181,015bc7e7-2a5b-4b4e-9160-53f0d1be2b63,-80,11
1588056820.119924,015bc7e7-2a5b-4b4e-9160-53f0d1be2b63,-80,12
1588056820.1705616,015bc7e7-2a5b-4b4e-9160-53f0d1be2b63,-80,0
1588056820.2214468,015bc7e7-2a5b-4b4e-9160-53f0d1be2b63,-80,1
1588056820.272404,015bc7e7-2a5b-4b4e-9160-53f0d1be2b63,-80,2
1588056820.32324,015bc7e7-2a5b-4b4e-9160-53f0d1be2b63,-82,3
1588056820.3738341,015bc7e7-2a5b-4b4e-9160-53f0d1be2b63,-82,4
1588056820.425603,015bc7e7-2a5b-4b4e-9160-53f0d1be2b63,-82,5
1588056820.476237,015bc7e7-2a5b-4b4e-9160-53f0d1be2b63,-82,6
1588056820.5271814,015bc7e7-2a5b-4b4e-9160-53f0d1be2b63,-82,7
1588056820.5779302,015bc7e7-2a5b-4b4e-9160-53f0d1be2b63,-78,8
1588056820.628631,015bc7e7-2a5b-4b4e-9160-53f0d1be2b63,-78,9
1588056820.6792476,015bc7e7-2a5b-4b4e-9160-53f0d1be2b63,-78,10
1588056820.7301326,015bc7e7-2a5b-4b4e-9160-53f0d1be2b63,-78,11
1588056820.7807722,015bc7e7-2a5b-4b4e-9160-53f0d1be2b63,-78,12
1588056820.8316615,015bc7e7-2a5b-4b4e-9160-53f0d1be2b63,-78,0
1588056820.882287,015bc7e7-2a5b-4b4e-9160-53f0d1be2b63,-80,1
1588056820.9331658,015bc7e7-2a5b-4b4e-9160-53f0d1be2b63,-80,2
1588056820.9838064,015bc7e7-2a5b-4b4e-9160-53f0d1be2b63,-80,3
1588056821.0347073,015bc7e7-2a5b-4b4e-9160-53f0d1be2b63,-80,4
1588056821.0854135,015bc7e7-2a5b-4b4e-9160-53f0d1be2b63,-80,5
1588056821.1363113,015bc7e7-2a5b-4b4e-9160-53f0d1be2b63,-80,6
1588056821.186955,015bc7e7-2a5b-4b4e-9160-53f0d1be2b63,-80,7
1588056821.237834,015bc7e7-2a5b-4b4e-9160-53f0d1be2b63,-80,8
1588056821.288434,015bc7e7-2a5b-4b4e-9160-53f0d1be2b63,-78,9
1588056821.3392546,015bc7e7-2a5b-4b4e-9160-53f0d1be2b63,-78,10
1588056821.389725,015bc7e7-2a5b-4b4e-9160-53f0d1be2b63,-78,11
1588056821.440219,015bc7e7-2a5b-4b4e-9160-53f0d1be2b63,-78,12
1588056821.4907568,015bc7e7-2a5b-4b4e-9160-53f0d1be2b63,-78,0
1588056821.5416486,015bc7e7-2a5b-4b4e-9160-53f0d1be2b63,-78,1
1588056821.5922253,015bc7e7-2a5b-4b4e-9160-53f0d1be2b63,-78,2
1588056821.642874,015bc7e7-2a5b-4b4e-9160-53f0d1be2b63,-78,3
1588056821.6936357,015bc7e7-2a5b-4b4e-9160-53f0d1be2b63,-78,4
1588056821.7442114,015bc7e7-2a5b-4b4e-9160-53f0d1be2b63,-78,5
1588056821.7951992,015bc7e7-2a5b-4b4e-9160-53f0d1be2b63,-78,6
1588056821.845889,015bc7e7-2a5b-4b4e-9160-53f0d1be2b63,-81,7
1588056821.896782,015bc7e7-2a5b-4b4e-9160-53f0d1be2b63,-81,8
1588056821.947685,015bc7e7-2a5b-4b4e-9160-53f0d1be2b63,-81,9
1588056821.9982681,015bc7e7-2a5b-4b4e-9160-53f0d1be2b63,-81,10
1588056822.048872,015bc7e7-2a5b-4b4e-9160-53f0d1be2b63,-81,11
1588056822.099566,015bc7e7-2a5b-4b4e-9160-53f0d1be2b63,-81,12
1588056822.1502275,015bc7e7-2a5b-4b4e-9160-53f0d1be2b63,-81,0
1588056822.200968,015bc7e7-2a5b-4b4e-9160-53f0d1be2b63,-81,1
1588056822.2516031,015bc7e7-2a5b-4b4e-9160-53f0d1be2b63,-81,2
1588056822.3024602,015bc7e7-2a5b-4b4e-9160-53f0d1be2b63,-81,3
1588056822.3530831,015bc7e7-2a5b-4b4e-9160-53f0d1be2b63,-81,4
1588056822.4039867,015bc7e7-2a5b-4b4e-9160-53f0d1be2b63,-81,5
1588056822.4546134,015bc7e7-2a5b-4b4e-9160-53f0d1be2b63,-81,6
1588056822.5058408,015bc7e7-2a5b-4b4e-9160-53f0d1be2b63,-78,7
1588056822.5564163,015bc7e7-2a5b-4b4e-9160-53f0d1be2b63,-78,8
1588056822.6070223,015bc7e7-2a5b-4b4e-9160-53f0d1be2b63,-78,9
1588056822.657616,015bc7e7-2a5b-4b4e-9160-53f0d1be2b63,-78,10
1588056822.7084432,015bc7e7-2a5b-4b4e-9160-53f0d1be2b63,-78,11
1588056822.7590477,015bc7e7-2a5b-4b4e-9160-53f0d1be2b63,-78,12
1588056822.809898,015bc7e7-2a5b-4b4e-9160-53f0d1be2b63,-78,0
1588056822.8605027,015bc7e7-2a5b-4b4e-9160-53f0d1be2b63,-78,1
1588056822.9113836,015bc7e7-2a5b-4b4e-9160-53f0d1be2b63,-78,2
1588056822.9619474,015bc7e7-2a5b-4b4e-9160-53f0d1be2b63,-78,3
1588056823.012809,015bc7e7-2a5b-4b4e-9160-53f0d1be2b63,-78,4
1588056823.063409,015bc7e7-2a5b-4b4e-9160-53f0d1be2b63,-78,5
1588056823.1142366,015bc7e7-2a5b-4b4e-9160-53f0d1be2b63,-78,6
1588056823.1648831,015bc7e7-2a5b-4b4e-9160-53f0d1be2b63,-78,7
1588056823.215718,015bc7e7-2a5b-4b4e-9160-53f0d1be2b63,-78,8
1588056823.266329,015bc7e7-2a5b-4b4e-9160-53f0d1be2b63,-78,9
1588056823.3172014,015bc7e7-2a5b-4b4e-9160-53f0d1be2b63,-78,10
1588056823.3677883,015bc7e7-2a5b-4b4e-9160-53f0d1be2b63,-78,11
1588056823.4186184,015bc7e7-2a5b-4b4e-9160-53f0d1be2b63,-78,12
1588056823.4692583,015bc7e7-2a5b-4b4e-9160-53f0d1be2b63,-78,0
1588056823.5201197,015bc7e7-2a5b-4b4e-9160-53f0d1be2b63,-78,1
1588056823.5707586,015bc7e7-2a5b-4b4e-9160-53f0d1be2b63,-78,2
1588056823.6214972,015bc7e7-2a5b-4b4e-9160-53f0d1be2b63,-78,3
1588056823.6721282,015bc7e7-2a5b-4b4e-9160-53f0d1be2b63,-78,4
1588056823.7229588,015bc7e7-2a5b-4b4e-9160-53f0d1be2b63,-78,5
1588056823.773512,015bc7e7-2a5b-4b4e-9160-53f0d1be2b63,-78,6
1588056823.8241103,015bc7e7-2a5b-4b4e-9160-53f0d1be2b63,-78,7
1588056823.8747816,015bc7e7-2a5b-4b4e-9160-53f0d1be2b63,-78,8
1588056823.9256876,015bc7e7-2a5b-4b4e-9160-53f0d1be2b63,-78,9
1588056823.9763,015bc7e7-2a5b-4b4e-9160-53f0d1be2b63,-78,10
1588056824.027172,015bc7e7-2a5b-4b4e-9160-53f0d1be2b63,-79,11
1588056824.0777571,015bc7e7-2a5b-4b4e-9160-53f0d1be2b63,-79,12
1588056824.128315,015bc7e7-2a5b-4b4e-9160-53f0d1be2b63,-79,0
1588056824.1788824,015bc7e7-2a5b-4b4e-9160-53f0d1be2b63,-79,1
1588056824.2297163,015bc7e7-2a5b-4b4e-9160-53f0d1be2b63,-79,2
1588056824.280356,015bc7e7-2a5b-4b4e-9160-53f0d1be2b63,-80,3
1588056824.331292,015bc7e7-2a5b-4b4e-9160-53f0d1be2b63,-80,4
1588056824.381912,015bc7e7-2a5b-4b4e-9160-53f0d1be2b63,-80,5
1588056824.432786,015bc7e7-2a5b-4b4e-9160-53f0d1be2b63,-80,6
1588056824.4836948,015bc7e7-2a5b-4b4e-9160-53f0d1be2b63,-80,7
1588056824.5345864,015bc7e7-2a5b-4b4e-9160-53f0d1be2b63,-80,8
1588056824.5855196,015bc7e7-2a5b-4b4e-9160-53f0d1be2b63,-80,9
1588056824.636421,015bc7e7-2a5b-4b4e-9160-53f0d1be2b63,-80,10
1588056824.687296,015bc7e7-2a5b-4b4e-9160-53f0d1be2b63,-82,11
1588056824.737943,015bc7e7-2a5b-4b4e-9160-53f0d1be2b63,-82,12
1588056824.7885563,015bc7e7-2a5b-4b4e-9160-53f0d1be2b63,-82,0
1588056824.8393993,015bc7e7-2a5b-4b4e-9160-53f0d1be2b63,-82,1
1588056824.890035,015bc7e7-2a5b-4b4e-9160-53f0d1be2b63,-82,2
1588056824.940923,015bc7e7-2a5b-4b4e-9160-53f0d1be2b63,-82,3
1588056824.991926,015bc7e7-2a5b-4b4e-9160-53f0d1be2b63,-82,4
1588056825.042627,015bc7e7-2a5b-4b4e-9160-53f0d1be2b63,-82,5
1588056825.0932791,015bc7e7-2a5b-4b4e-9160-53f0d1be2b63,-82,6
1588056825.1441526,015bc7e7-2a5b-4b4e-9160-53f0d1be2b63,-82,7
1588056825.194749,015bc7e7-2a5b-4b4e-9160-53f0d1be2b63,-82,8
1588056825.2455878,015bc7e7-2a5b-4b4e-9160-53f0d1be2b63,-83,9
1588056825.296186,015bc7e7-2a5b-4b4e-9160-53f0d1be2b63,-83,10
1588056825.34676,015bc7e7-2a5b-4b4e-9160-53f0d1be2b63,-83,11
1588056825.3973715,015bc7e7-2a5b-4b4e-9160-53f0d1be2b63,-83,12
1588056825.4482293,015bc7e7-2a5b-4b4e-9160-53f0d1be2b63,-83,0
1588056825.4988453,015bc7e7-2a5b-4b4e-9160-53f0d1be2b63,-79,1
1588056825.5497324,015bc7e7-2a5b-4b4e-9160-53f0d1be2b63,-79,2
1588056825.6003447,015bc7e7-2a5b-4b4e-9160-53f0d1be2b63,-79,3
1588056825.6512048,015bc7e7-2a5b-4b4e-9160-53f0d1be2b63,-79,4
1588056825.7018294,015bc7e7-2a5b-4b4e-9160-53f0d1be2b63,-79,5
1588056825.7527342,015bc7e7-2a5b-4b4e-9160-53f0d1be2b63,-80,6
1588056825.803267,015bc7e7-2a5b-4b4e-9160-53f0d1be2b63,-80,7
1588056825.853886,015bc7e7-2a5b-4b4e-9160-53f0d1be2b63,-80,8
1588056825.9047587,015bc7e7-2a5b-4b4e-9160-53f0d1be2b63,-81,9
1588056825.9553769,015bc7e7-2a5b-4b4e-9160-53f0d1be2b63,-81,10
1588056826.0059464,015bc7e7-2a5b-4b4e-9160-53f0d1be2b63,-81,11
1588056826.0565588,015bc7e7-2a5b-4b4e-9160-53f0d1be2b63,-81,12
1588056826.1072834,015bc7e7-2a5b-4b4e-9160-53f0d1be2b63,-81,0
1588056826.1579742,015bc7e7-2a5b-4b4e-9160-53f0d1be2b63,-81,1
1588056826.2092292,015bc7e7-2a5b-4b4e-9160-53f0d1be2b63,-81,2
1588056826.259868,015bc7e7-2a5b-4b4e-9160-53f0d1be2b63,-81,3
1588056826.3107684,015bc7e7-2a5b-4b4e-9160-53f0d1be2b63,-81,4
1588056826.3617227,015bc7e7-2a5b-4b4e-9160-53f0d1be2b63,-81,5
1588056826.4129603,015bc7e7-2a5b-4b4e-9160-53f0d1be2b63,-81,6
1588056826.4635618,015bc7e7-2a5b-4b4e-9160-53f0d1be2b63,-81,7
1588056826.5143783,015bc7e7-2a5b-4b4e-9160-53f0d1be2b63,-81,8
1588056826.565003,015bc7e7-2a5b-4b4e-9160-53f0d1be2b63,-81,9
1588056826.6158552,015bc7e7-2a5b-4b4e-9160-53f0d1be2b63,-81,10
1588056826.6666899,015bc7e7-2a5b-4b4e-9160-53f0d1be2b63,-81,11
1588056826.7174952,015bc7e7-2a5b-4b4e-9160-53f0d1be2b63,-81,12
1588056826.7681067,015bc7e7-2a5b-4b4e-9160-53f0d1be2b63,-81,0
1588056826.818924,015bc7e7-2a5b-4b4e-9160-53f0d1be2b63,-81,1
1588056826.8695314,015bc7e7-2a5b-4b4e-9160-53f0d1be2b63,-79,2
1588056826.9209602,015bc7e7-2a5b-4b4e-9160-53f0d1be2b63,-79,3
1588056826.9716196,015bc7e7-2a5b-4b4e-9160-53f0d1be2b63,-79,4
1588056827.0225067,015bc7e7-2a5b-4b4e-9160-53f0d1be2b63,-79,5
1588056827.0731378,015bc7e7-2a5b-4b4e-9160-53f0d1be2b63,-79,6
1588056827.1239834,015bc7e7-2a5b-4b4e-9160-53f0d1be2b63,-82,7
1588056827.1744275,015bc7e7-2a5b-4b4e-9160-53f0d1be2b63,-82,8
1588056827.224968,015bc7e7-2a5b-4b4e-9160-53f0d1be2b63,-82,9
1588056827.2756298,015bc7e7-2a5b-4b4e-9160-53f0d1be2b63,-82,10
1588056827.3262308,015bc7e7-2a5b-4b4e-9160-53f0d1be2b63,-82,11
1588056827.3768628,015bc7e7-2a5b-4b4e-9160-53f0d1be2b63,-82,12
1588056827.4277587,015bc7e7-2a5b-4b4e-9160-53f0d1be2b63,-82,0
1588056827.4783568,015bc7e7-2a5b-4b4e-9160-53f0d1be2b63,-82,1
1588056827.529128,015bc7e7-2a5b-4b4e-9160-53f0d1be2b63,-82,2
1588056827.5797725,015bc7e7-2a5b-4b4e-9160-53f0d1be2b63,-82,3
1588056827.630639,015bc7e7-2a5b-4b4e-9160-53f0d1be2b63,-82,4
1588056827.6812336,015bc7e7-2a5b-4b4e-9160-53f0d1be2b63,-78,5
1588056827.7320225,015bc7e7-2a5b-4b4e-9160-53f0d1be2b63,-78,6
1588056827.7826376,015bc7e7-2a5b-4b4e-9160-53f0d1be2b63,-78,7
1588056827.833482,015bc7e7-2a5b-4b4e-9160-53f0d1be2b63,-78,8
1588056827.884107,015bc7e7-2a5b-4b4e-9160-53f0d1be2b63,-78,9
1588056827.9349334,015bc7e7-2a5b-4b4e-9160-53f0d1be2b63,-78,10
1588056827.9858415,015bc7e7-2a5b-4b4e-9160-53f0d1be2b63,-78,11
1588056828.036584,015bc7e7-2a5b-4b4e-9160-53f0d1be2b63,-78,12
1588056828.0871997,015bc7e7-2a5b-4b4e-9160-53f0d1be2b63,-78,0
1588056828.13808,015bc7e7-2a5b-4b4e-9160-53f0d1be2b63,-78,1
1588056828.1887157,015bc7e7-2a5b-4b4e-9160-53f0d1be2b63,-78,2
1588056828.2396212,015bc7e7-2a5b-4b4e-9160-53f0d1be2b63,-78,3
1588056828.2902467,015bc7e7-2a5b-4b4e-9160-53f0d1be2b63,-78,4
1588056828.3413956,015bc7e7-2a5b-4b4e-9160-53f0d1be2b63,-78,5
1588056828.3920276,015bc7e7-2a5b-4b4e-9160-53f0d1be2b63,-78,6
1588056828.442926,015bc7e7-2a5b-4b4e-9160-53f0d1be2b63,-78,7
1588056828.4935274,015bc7e7-2a5b-4b4e-9160-53f0d1be2b63,-82,8
1588056828.5444999,015bc7e7-2a5b-4b4e-9160-53f0d1be2b63,-82,9
1588056828.5950851,015bc7e7-2a5b-4b4e-9160-53f0d1be2b63,-82,10
1588056828.6462152,015bc7e7-2a5b-4b4e-9160-53f0d1be2b63,-82,11
1588056828.6968508,015bc7e7-2a5b-4b4e-9160-53f0d1be2b63,-82,12
1588056828.7477343,015bc7e7-2a5b-4b4e-9160-53f0d1be2b63,-82,0
1588056828.7983425,015bc7e7-2a5b-4b4e-9160-53f0d1be2b63,-82,1
1588056828.8492339,015bc7e7-2a5b-4b4e-9160-53f0d1be2b63,-82,2
1588056828.8998525,015bc7e7-2a5b-4b4e-9160-53f0d1be2b63,-82,3
1588056828.950736,015bc7e7-2a5b-4b4e-9160-53f0d1be2b63,-82,4
1588056829.001357,015bc7e7-2a5b-4b4e-9160-53f0d1be2b63,-82,5
1588056829.0522344,015bc7e7-2a5b-4b4e-9160-53f0d1be2b63,-82,6
1588056829.1028442,015bc7e7-2a5b-4b4e-9160-53f0d1be2b63,-82,7
1588056829.15371,015bc7e7-2a5b-4b4e-9160-53f0d1be2b63,-82,8
1588056829.2043366,015bc7e7-2a5b-4b4e-9160-53f0d1be2b63,-82,9
1588056829.255096,015bc7e7-2a5b-4b4e-9160-53f0d1be2b63,-82,10
1588056829.3057601,015bc7e7-2a5b-4b4e-9160-53f0d1be2b63,-82,11
1588056829.3565025,015bc7e7-2a5b-4b4e-9160-53f0d1be2b63,-82,12
1588056829.4071276,015bc7e7-2a5b-4b4e-9160-53f0d1be2b63,-82,0
1588056829.45796,015bc7e7-2a5b-4b4e-9160-53f0d1be2b63,-85,1
1588056829.5085409,015bc7e7-2a5b-4b4e-9160-53f0d1be2b63,-85,2
1588056829.559114,015bc7e7-2a5b-4b4e-9160-53f0d1be2b63,-85,3
1588056829.6097279,015bc7e7-2a5b-4b4e-9160-53f0d1be2b63,-85,4
1588056829.6605942,015bc7e7-2a5b-4b4e-9160-53f0d1be2b63,-85,5
1588056829.711216,015bc7e7-2a5b-4b4e-9160-53f0d1be2b63,-85,6
1588056829.7620444,015bc7e7-2a5b-4b4e-9160-53f0d1be2b63,-85,7
1588056829.812646,015bc7e7-2a5b-4b4e-9160-53f0d1be2b63,-85,8
1588056829.8634605,015bc7e7-2a5b-4b4e-9160-53f0d1be2b63,-79,9
1588056829.9140368,015bc7e7-2a5b-4b4e-9160-53f0d1be2b63,-79,10
1588056829.9646616,015bc7e7-2a5b-4b4e-9160-53f0d1be2b63,-79,11
1588056830.015447,015bc7e7-2a5b-4b4e-9160-53f0d1be2b63,-79,12
1588056830.0660377,015bc7e7-2a5b-4b4e-9160-53f0d1be2b63,-79,0
1588056830.1171043,015bc7e7-2a5b-4b4e-9160-53f0d1be2b63,-79,1
1588056830.1677406,015bc7e7-2a5b-4b4e-9160-53f0d1be2b63,-79,2
1588056830.2186244,015bc7e7-2a5b-4b4e-9160-53f0d1be2b63,-79,3
1588056830.269237,015bc7e7-2a5b-4b4e-9160-53f0d1be2b63,-79,4
1588056830.3205779,015bc7e7-2a5b-4b4e-9160-53f0d1be2b63,-79,5
1588056830.3711758,015bc7e7-2a5b-4b4e-9160-53f0d1be2b63,-79,6
1588056830.4220176,015bc7e7-2a5b-4b4e-9160-53f0d1be2b63,-78,7
1588056830.4727237,015bc7e7-2a5b-4b4e-9160-53f0d1be2b63,-78,8
1588056830.5233457,015bc7e7-2a5b-4b4e-9160-53f0d1be2b63,-78,9
1588056830.5742831,015bc7e7-2a5b-4b4e-9160-53f0d1be2b63,-78,10
1588056830.6248798,015bc7e7-2a5b-4b4e-9160-53f0d1be2b63,-78,11
1588056830.6755233,015bc7e7-2a5b-4b4e-9160-53f0d1be2b63,-78,12
1588056830.7261431,015bc7e7-2a5b-4b4e-9160-53f0d1be2b63,-78,0
1588056830.7770178,015bc7e7-2a5b-4b4e-9160-53f0d1be2b63,-78,1
1588056830.8276541,015bc7e7-2a5b-4b4e-9160-53f0d1be2b63,-80,2
1588056830.8784728,015bc7e7-2a5b-4b4e-9160-53f0d1be2b63,-80,3
1588056830.929094,015bc7e7-2a5b-4b4e-9160-53f0d1be2b63,-80,4
1588056830.980123,015bc7e7-2a5b-4b4e-9160-53f0d1be2b63,-80,5
1588056831.0307581,015bc7e7-2a5b-4b4e-9160-53f0d1be2b63,-80,6
1588056831.081604,015bc7e7-2a5b-4b4e-9160-53f0d1be2b63,-82,7
1588056831.1321485,015bc7e7-2a5b-4b4e-9160-53f0d1be2b63,-82,8
1588056831.182726,015bc7e7-2a5b-4b4e-9160-53f0d1be2b63,-82,9
1588056831.2333636,015bc7e7-2a5b-4b4e-9160-53f0d1be2b63,-82,10
1588056831.2840927,015bc7e7-2a5b-4b4e-9160-53f0d1be2b63,-82,11
1588056831.334732,015bc7e7-2a5b-4b4e-9160-53f0d1be2b63,-82,12
1588056831.3857343,015bc7e7-2a5b-4b4e-9160-53f0d1be2b63,-83,0
1588056831.4363387,015bc7e7-2a5b-4b4e-9160-53f0d1be2b63,-83,1
1588056831.4870377,015bc7e7-2a5b-4b4e-9160-53f0d1be2b63,-83,2
1588056831.5376399,015bc7e7-2a5b-4b4e-9160-53f0d1be2b63,-83,3
1588056831.5884907,015bc7e7-2a5b-4b4e-9160-53f0d1be2b63,-83,4
1588056831.639108,015bc7e7-2a5b-4b4e-9160-53f0d1be2b63,-83,5
1588056831.6900165,015bc7e7-2a5b-4b4e-9160-53f0d1be2b63,-83,6
1588056831.7406287,015bc7e7-2a5b-4b4e-9160-53f0d1be2b63,-83,7
1588056831.791515,015bc7e7-2a5b-4b4e-9160-53f0d1be2b63,-83,8
1588056831.8421516,015bc7e7-2a5b-4b4e-9160-53f0d1be2b63,-83,9
1588056831.8931346,015bc7e7-2a5b-4b4e-9160-53f0d1be2b63,-83,10
1588056831.9439578,015bc7e7-2a5b-4b4e-9160-53f0d1be2b63,-83,11
1588056831.9946449,015bc7e7-2a5b-4b4e-9160-53f0d1be2b63,-83,12
1588056832.0452216,015bc7e7-2a5b-4b4e-9160-53f0d1be2b63,-83,0
1588056832.096152,015bc7e7-2a5b-4b4e-9160-53f0d1be2b63,-83,1
1588056832.1469712,015bc7e7-2a5b-4b4e-9160-53f0d1be2b63,-83,2
1588056832.197777,015bc7e7-2a5b-4b4e-9160-53f0d1be2b63,-83,3
1588056832.2484133,015bc7e7-2a5b-4b4e-9160-53f0d1be2b63,-83,4
1588056832.2992995,015bc7e7-2a5b-4b4e-9160-53f0d1be2b63,-83,5
1588056832.3499067,015bc7e7-2a5b-4b4e-9160-53f0d1be2b63,-83,6
1588056832.4007518,015bc7e7-2a5b-4b4e-9160-53f0d1be2b63,-83,7
1588056832.4513865,015bc7e7-2a5b-4b4e-9160-53f0d1be2b63,-83,8
1588056832.5024822,015bc7e7-2a5b-4b4e-9160-53f0d1be2b63,-83,9
1588056832.553097,015bc7e7-2a5b-4b4e-9160-53f0d1be2b63,-83,10
1588056832.6039665,015bc7e7-2a5b-4b4e-9160-53f0d1be2b63,-83,11
1588056832.6546042,015bc7e7-2a5b-4b4e-9160-53f0d1be2b63,-83,12
1588056832.7055507,015bc7e7-2a5b-4b4e-9160-53f0d1be2b63,-79,0
1588056832.7561142,015bc7e7-2a5b-4b4e-9160-53f0d1be2b63,-79,1
1588056832.8067138,015bc7e7-2a5b-4b4e-9160-53f0d1be2b63,-79,2
1588056832.8573108,015bc7e7-2a5b-4b4e-9160-53f0d1be2b63,-79,3
1588056832.9081345,015bc7e7-2a5b-4b4e-9160-53f0d1be2b63,-79,4
1588056832.9590113,015bc7e7-2a5b-4b4e-9160-53f0d1be2b63,-79,5
1588056833.0098028,015bc7e7-2a5b-4b4e-9160-53f0d1be2b63,-79,6
1588056833.060456,015bc7e7-2a5b-4b4e-9160-53f0d1be2b63,-79,7
1588056833.111259,015bc7e7-2a5b-4b4e-9160-53f0d1be2b63,-79,8
1588056833.1618385,015bc7e7-2a5b-4b4e-9160-53f0d1be2b63,-79,9
1588056833.2125456,015bc7e7-2a5b-4b4e-9160-53f0d1be2b63,-79,10
1588056833.2631679,015bc7e7-2a5b-4b4e-9160-53f0d1be2b63,-83,11
1588056833.314044,015bc7e7-2a5b-4b4e-9160-53f0d1be2b63,-83,12
1588056833.364675,015bc7e7-2a5b-4b4e-9160-53f0d1be2b63,-83,0
1588056833.4155498,015bc7e7-2a5b-4b4e-9160-53f0d1be2b63,-83,1
1588056833.4661787,015bc7e7-2a5b-4b4e-9160-53f0d1be2b63,-83,2
1588056833.5169888,015bc7e7-2a5b-4b4e-9160-53f0d1be2b63,-83,3
1588056833.5675983,015bc7e7-2a5b-4b4e-9160-53f0d1be2b63,-83,4
1588056833.61833,015bc7e7-2a5b-4b4e-9160-53f0d1be2b63,-83,5
1588056833.6689737,015bc7e7-2a5b-4b4e-9160-53f0d1be2b63,-83,6
1588056833.7197435,015bc7e7-2a5b-4b4e-9160-53f0d1be2b63,-83,7
1588056833.770374,015bc7e7-2a5b-4b4e-9160-53f0d1be2b63,-83,8
1588056833.8212655,015bc7e7-2a5b-4b4e-9160-53f0d1be2b63,-83,9
1588056833.8718758,015bc7e7-2a5b-4b4e-9160-53f0d1be2b63,-83,10
1588056833.9226992,015bc7e7-2a5b-4b4e-9160-53f0d1be2b63,-83,11
1588056833.9733381,015bc7e7-2a5b-4b4e-9160-53f0d1be2b63,-83,12
1588056834.024172,015bc7e7-2a5b-4b4e-9160-53f0d1be2b63,-83,0
1588056834.0750542,015bc7e7-2a5b-4b4e-9160-53f0d1be2b63,-79,1
1588056834.1264129,015bc7e7-2a5b-4b4e-9160-53f0d1be2b63,-79,2
1588056834.1770306,015bc7e7-2a5b-4b4e-9160-53f0d1be2b63,-79,3
1588056834.2279031,015bc7e7-2a5b-4b4e-9160-53f0d1be2b63,-79,4
1588056834.2784865,015bc7e7-2a5b-4b4e-9160-53f0d1be2b63,-79,5
1588056834.3293738,015bc7e7-2a5b-4b4e-9160-53f0d1be2b63,-79,6
1588056834.3800151,015bc7e7-2a5b-4b4e-9160-53f0d1be2b63,-79,7
1588056834.4307213,015bc7e7-2a5b-4b4e-9160-53f0d1be2b63,-79,8
1588056834.481373,015bc7e7-2a5b-4b4e-9160-53f0d1be2b63,-79,9
1588056834.5321043,015bc7e7-2a5b-4b4e-9160-53f0d1be2b63,-79,10
1588056834.5827303,015bc7e7-2a5b-4b4e-9160-53f0d1be2b63,-79,11
1588056834.6336033,015bc7e7-2a5b-4b4e-9160-53f0d1be2b63,-79,12
1588056834.6842313,015bc7e7-2a5b-4b4e-9160-53f0d1be2b63,-79,0
1588056834.7350543,015bc7e7-2a5b-4b4e-9160-53f0d1be2b63,-79,1
1588056834.7857385,015bc7e7-2a5b-4b4e-9160-53f0d1be2b63,-79,2
1588056834.8365786,015bc7e7-2a5b-4b4e-9160-53f0d1be2b63,-79,3
1588056834.887475,015bc7e7-2a5b-4b4e-9160-53f0d1be2b63,-79,4
1588056834.9381726,015bc7e7-2a5b-4b4e-9160-53f0d1be2b63,-79,5
1588056834.9888241,015bc7e7-2a5b-4b4e-9160-53f0d1be2b63,-79,6
1588056835.039725,015bc7e7-2a5b-4b4e-9160-53f0d1be2b63,-79,7
1588056835.090369,015bc7e7-2a5b-4b4e-9160-53f0d1be2b63,-79,8
1588056835.1412282,015bc7e7-2a5b-4b4e-9160-53f0d1be2b63,-79,9
1588056835.1918678,015bc7e7-2a5b-4b4e-9160-53f0d1be2b63,-79,10
1588056835.24276,015bc7e7-2a5b-4b4e-9160-53f0d1be2b63,-79,11
1588056835.2934046,015bc7e7-2a5b-4b4e-9160-53f0d1be2b63,-79,12
1588056835.3442495,015bc7e7-2a5b-4b4e-9160-53f0d1be2b63,-79,0
1588056835.3948474,015bc7e7-2a5b-4b4e-9160-53f0d1be2b63,-79,1
1588056835.445664,015bc7e7-2a5b-4b4e-9160-53f0d1be2b63,-79,2
1588056835.4962885,015bc7e7-2a5b-4b4e-9160-53f0d1be2b63,-79,3
1588056835.5476239,015bc7e7-2a5b-4b4e-9160-53f0d1be2b63,-79,4
1588056835.5982597,015bc7e7-2a5b-4b4e-9160-53f0d1be2b63,-79,5
1588056835.6491559,015bc7e7-2a5b-4b4e-9160-53f0d1be2b63,-79,6
1588056835.699805,015bc7e7-2a5b-4b4e-9160-53f0d1be2b63,-81,7
1588056835.750733,015bc7e7-2a5b-4b4e-9160-53f0d1be2b63,-81,8
1588056835.8013566,015bc7e7-2a5b-4b4e-9160-53f0d1be2b63,-81,9
1588056835.8523214,015bc7e7-2a5b-4b4e-9160-53f0d1be2b63,-81,10
1588056835.9029753,015bc7e7-2a5b-4b4e-9160-53f0d1be2b63,-81,11
1588056835.9537785,015bc7e7-2a5b-4b4e-9160-53f0d1be2b63,-81,12
1588056836.004416,015bc7e7-2a5b-4b4e-9160-53f0d1be2b63,-81,0
1588056836.0553565,015bc7e7-2a5b-4b4e-9160-53f0d1be2b63,-81,1
1588056836.1062381,015bc7e7-2a5b-4b4e-9160-53f0d1be2b63,-81,2
1588056836.1571336,015bc7e7-2a5b-4b4e-9160-53f0d1be2b63,-81,3
1588056836.2077556,015bc7e7-2a5b-4b4e-9160-53f0d1be2b63,-81,4
1588056836.2586281,015bc7e7-2a5b-4b4e-9160-53f0d1be2b63,-81,5
1588056836.3092294,015bc7e7-2a5b-4b4e-9160-53f0d1be2b63,-81,6
1588056836.3598177,015bc7e7-2a5b-4b4e-9160-53f0d1be2b63,-81,7
1588056836.4104626,015bc7e7-2a5b-4b4e-9160-53f0d1be2b63,-81,8
1588056836.461357,015bc7e7-2a5b-4b4e-9160-53f0d1be2b63,-81,9
1588056836.5119374,015bc7e7-2a5b-4b4e-9160-53f0d1be2b63,-81,10
1588056836.5627897,015bc7e7-2a5b-4b4e-9160-53f0d1be2b63,-81,11
1588056836.6134384,015bc7e7-2a5b-4b4e-9160-53f0d1be2b63,-81,12
1588056836.6641843,015bc7e7-2a5b-4b4e-9160-53f0d1be2b63,-81,0
1588056836.7148292,015bc7e7-2a5b-4b4e-9160-53f0d1be2b63,-81,1
1588056836.7657797,015bc7e7-2a5b-4b4e-9160-53f0d1be2b63,-81,2
1588056836.8163872,015bc7e7-2a5b-4b4e-9160-53f0d1be2b63,-81,3
1588056836.8672793,015bc7e7-2a5b-4b4e-9160-53f0d1be2b63,-81,4
1588056836.918229,015bc7e7-2a5b-4b4e-9160-53f0d1be2b63,-81,5
1588056836.9689715,015bc7e7-2a5b-4b4e-9160-53f0d1be2b63,-81,6
1588056837.0196002,015bc7e7-2a5b-4b4e-9160-53f0d1be2b63,-81,7
1588056837.0705035,015bc7e7-2a5b-4b4e-9160-53f0d1be2b63,-81,8
1588056837.1214626,015bc7e7-2a5b-4b4e-9160-53f0d1be2b63,-81,9
1588056837.172366,015bc7e7-2a5b-4b4e-9160-53f0d1be2b63,-81,10
1588056837.223009,015bc7e7-2a5b-4b4e-9160-53f0d1be2b63,-81,11
1588056837.2738063,015bc7e7-2a5b-4b4e-9160-53f0d1be2b63,-81,12
1588056837.3247535,015bc7e7-2a5b-4b4e-9160-53f0d1be2b63,-81,0
1588056837.375526,015bc7e7-2a5b-4b4e-9160-53f0d1be2b63,-81,1
1588056837.4261513,015bc7e7-2a5b-4b4e-9160-53f0d1be2b63,-81,2
1588056837.4770367,015bc7e7-2a5b-4b4e-9160-53f0d1be2b63,-81,3
1588056837.5276012,015bc7e7-2a5b-4b4e-9160-53f0d1be2b63,-81,4
1588056837.5782025,015bc7e7-2a5b-4b4e-9160-53f0d1be2b63,-81,5
1588056837.6288128,015bc7e7-2a5b-4b4e-9160-53f0d1be2b63,-81,6
1588056837.6796978,015bc7e7-2a5b-4b4e-9160-53f0d1be2b63,-81,7
1588056837.730306,015bc7e7-2a5b-4b4e-9160-53f0d1be2b63,-81,8
1588056837.7811518,015bc7e7-2a5b-4b4e-9160-53f0d1be2b63,-81,9
1588056837.8317935,015bc7e7-2a5b-4b4e-9160-53f0d1be2b63,-81,10
1588056837.88263,015bc7e7-2a5b-4b4e-9160-53f0d1be2b63,-81,11
1588056837.9332688,015bc7e7-2a5b-4b4e-9160-53f0d1be2b63,-81,12
1588056837.9840875,015bc7e7-2a5b-4b4e-9160-53f0d1be2b63,-81,0
1588056838.0347378,015bc7e7-2a5b-4b4e-9160-53f0d1be2b63,-81,1
1588056838.0858123,015bc7e7-2a5b-4b4e-9160-53f0d1be2b63,-81,2
1588056838.1364474,015bc7e7-2a5b-4b4e-9160-53f0d1be2b63,-81,3
1588056838.187239,015bc7e7-2a5b-4b4e-9160-53f0d1be2b63,-81,4
1588056838.23788,015bc7e7-2a5b-4b4e-9160-53f0d1be2b63,-81,5
1588056838.2887747,015bc7e7-2a5b-4b4e-9160-53f0d1be2b63,-81,6
1588056838.3393798,015bc7e7-2a5b-4b4e-9160-53f0d1be2b63,-81,7
1588056838.389996,015bc7e7-2a5b-4b4e-9160-53f0d1be2b63,-81,8
1588056838.440634,015bc7e7-2a5b-4b4e-9160-53f0d1be2b63,-81,9
1588056838.4915254,015bc7e7-2a5b-4b4e-9160-53f0d1be2b63,-81,10
1588056838.5424106,015bc7e7-2a5b-4b4e-9160-53f0d1be2b63,-81,11
1588056838.593208,015bc7e7-2a5b-4b4e-9160-53f0d1be2b63,-81,12
1588056838.6438286,015bc7e7-2a5b-4b4e-9160-53f0d1be2b63,-81,0
1588056838.694659,015bc7e7-2a5b-4b4e-9160-53f0d1be2b63,-81,1
1588056838.7455204,015bc7e7-2a5b-4b4e-9160-53f0d1be2b63,-81,2
1588056838.7962534,015bc7e7-2a5b-4b4e-9160-53f0d1be2b63,-81,3
1588056838.8468735,015bc7e7-2a5b-4b4e-9160-53f0d1be2b63,-81,4
1588056838.897772,015bc7e7-2a5b-4b4e-9160-53f0d1be2b63,-81,5
1588056838.9483924,015bc7e7-2a5b-4b4e-9160-53f0d1be2b63,-81,6
1588056838.9991052,015bc7e7-2a5b-4b4e-9160-53f0d1be2b63,-81,7
1588056839.0497344,015bc7e7-2a5b-4b4e-9160-53f0d1be2b63,-81,8
1588056839.100632,015bc7e7-2a5b-4b4e-9160-53f0d1be2b63,-81,9
1588056839.1512525,015bc7e7-2a5b-4b4e-9160-53f0d1be2b63,-81,10
1588056839.2020657,015bc7e7-2a5b-4b4e-9160-53f0d1be2b63,-81,11
1588056839.2527003,015bc7e7-2a5b-4b4e-9160-53f0d1be2b63,-81,12
1588056839.303484,015bc7e7-2a5b-4b4e-9160-53f0d1be2b63,-81,0
1588056839.3541155,015bc7e7-2a5b-4b4e-9160-53f0d1be2b63,-81,1
1588056839.4048407,015bc7e7-2a5b-4b4e-9160-53f0d1be2b63,-81,2
1588056839.4555268,015bc7e7-2a5b-4b4e-9160-53f0d1be2b63,-81,3
1588056839.5064082,015bc7e7-2a5b-4b4e-9160-53f0d1be2b63,-81,4
1588056839.5570462,015bc7e7-2a5b-4b4e-9160-53f0d1be2b63,-81,5
1588056839.607945,015bc7e7-2a5b-4b4e-9160-53f0d1be2b63,-81,6
1588056839.6585617,015bc7e7-2a5b-4b4e-9160-53f0d1be2b63,-81,7
1588056839.7094195,015bc7e7-2a5b-4b4e-9160-53f0d1be2b63,-81,8
1588056839.760056,015bc7e7-2a5b-4b4e-9160-53f0d1be2b63,-81,9
1588056839.8109484,015bc7e7-2a5b-4b4e-9160-53f0d1be2b63,-81,10
1588056839.8615246,015bc7e7-2a5b-4b4e-9160-53f0d1be2b63,-81,11
1588056839.9123294,015bc7e7-2a5b-4b4e-9160-53f0d1be2b63,-81,12
1588056839.9629653,015bc7e7-2a5b-4b4e-9160-53f0d1be2b63,-81,0
1588056840.0137799,015bc7e7-2a5b-4b4e-9160-53f0d1be2b63,-81,1
1588056840.064424,015bc7e7-2a5b-4b4e-9160-53f0d1be2b63,-81,2
1588056840.1153471,015bc7e7-2a5b-4b4e-9160-53f0d1be2b63,-81,3
1588056840.1661184,015bc7e7-2a5b-4b4e-9160-53f0d1be2b63,-81,4
1588056840.2167954,015bc7e7-2a5b-4b4e-9160-53f0d1be2b63,-79,5
1588056840.2674193,015bc7e7-2a5b-4b4e-9160-53f0d1be2b63,-79,6
1588056840.3180568,015bc7e7-2a5b-4b4e-9160-53f0d1be2b63,-79,7
1588056840.368824,015bc7e7-2a5b-4b4e-9160-53f0d1be2b63,-79,8
1588056840.4194396,015bc7e7-2a5b-4b4e-9160-53f0d1be2b63,-79,9
1588056840.47038,015bc7e7-2a5b-4b4e-9160-53f0d1be2b63,-79,10
1588056840.52103,015bc7e7-2a5b-4b4e-9160-53f0d1be2b63,-79,11
1588056840.571932,015bc7e7-2a5b-4b4e-9160-53f0d1be2b63,-79,12
1588056840.6225712,015bc7e7-2a5b-4b4e-9160-53f0d1be2b63,-79,0
1588056840.6733527,015bc7e7-2a5b-4b4e-9160-53f0d1be2b63,-79,1
1588056840.7239954,015bc7e7-2a5b-4b4e-9160-53f0d1be2b63,-79,2
1588056840.7749276,015bc7e7-2a5b-4b4e-9160-53f0d1be2b63,-80,3
1588056840.8260024,015bc7e7-2a5b-4b4e-9160-53f0d1be2b63,-80,4
1588056840.8766418,015bc7e7-2a5b-4b4e-9160-53f0d1be2b63,-80,5
1588056840.927541,015bc7e7-2a5b-4b4e-9160-53f0d1be2b63,-80,6
1588056840.9781504,015bc7e7-2a5b-4b4e-9160-53f0d1be2b63,-80,7
1588056841.0289092,015bc7e7-2a5b-4b4e-9160-53f0d1be2b63,-80,8
1588056841.0795467,015bc7e7-2a5b-4b4e-9160-53f0d1be2b63,-80,9
1588056841.1304543,015bc7e7-2a5b-4b4e-9160-53f0d1be2b63,-80,10
1588056841.1810682,015bc7e7-2a5b-4b4e-9160-53f0d1be2b63,-78,11
1588056841.2319348,015bc7e7-2a5b-4b4e-9160-53f0d1be2b63,-78,12
1588056841.2825837,015bc7e7-2a5b-4b4e-9160-53f0d1be2b63,-78,0
1588056841.3334782,015bc7e7-2a5b-4b4e-9160-53f0d1be2b63,-78,1
1588056841.3841197,015bc7e7-2a5b-4b4e-9160-53f0d1be2b63,-78,2
1588056841.4350202,015bc7e7-2a5b-4b4e-9160-53f0d1be2b63,-79,3
1588056841.485661,015bc7e7-2a5b-4b4e-9160-53f0d1be2b63,-79,4
1588056841.536302,015bc7e7-2a5b-4b4e-9160-53f0d1be2b63,-79,5
1588056841.587203,015bc7e7-2a5b-4b4e-9160-53f0d1be2b63,-79,6
1588056841.6378422,015bc7e7-2a5b-4b4e-9160-53f0d1be2b63,-79,7
1588056841.6887395,015bc7e7-2a5b-4b4e-9160-53f0d1be2b63,-79,8
1588056841.7393863,015bc7e7-2a5b-4b4e-9160-53f0d1be2b63,-79,9
1588056841.7902634,015bc7e7-2a5b-4b4e-9160-53f0d1be2b63,-79,10
1588056841.8409188,015bc7e7-2a5b-4b4e-9160-53f0d1be2b63,-81,11
1588056841.8917828,015bc7e7-2a5b-4b4e-9160-53f0d1be2b63,-81,12
1588056841.9424057,015bc7e7-2a5b-4b4e-9160-53f0d1be2b63,-81,0
1588056841.9932215,015bc7e7-2a5b-4b4e-9160-53f0d1be2b63,-81,1
1588056842.0438652,015bc7e7-2a5b-4b4e-9160-53f0d1be2b63,-81,2
1588056842.0946085,015bc7e7-2a5b-4b4e-9160-53f0d1be2b63,-81,3
1588056842.1452029,015bc7e7-2a5b-4b4e-9160-53f0d1be2b63,-81,4
1588056842.1959636,015bc7e7-2a5b-4b4e-9160-53f0d1be2b63,-81,5
1588056842.246579,015bc7e7-2a5b-4b4e-9160-53f0d1be2b63,-81,6
1588056842.29737,015bc7e7-2a5b-4b4e-9160-53f0d1be2b63,-81,7
1588056842.3480036,015bc7e7-2a5b-4b4e-9160-53f0d1be2b63,-81,8
1588056842.3987203,015bc7e7-2a5b-4b4e-9160-53f0d1be2b63,-81,9
1588056842.4493284,015bc7e7-2a5b-4b4e-9160-53f0d1be2b63,-81,10
1588056842.4999201,015bc7e7-2a5b-4b4e-9160-53f0d1be2b63,-81,11
1588056842.5505502,015bc7e7-2a5b-4b4e-9160-53f0d1be2b63,-81,12
1588056842.6014352,015bc7e7-2a5b-4b4e-9160-53f0d1be2b63,-81,0
1588056842.6520784,015bc7e7-2a5b-4b4e-9160-53f0d1be2b63,-81,1
1588056842.7028883,015bc7e7-2a5b-4b4e-9160-53f0d1be2b63,-81,2
1588056842.753524,015bc7e7-2a5b-4b4e-9160-53f0d1be2b63,-81,3
1588056842.8042388,015bc7e7-2a5b-4b4e-9160-53f0d1be2b63,-81,4
1588056842.85488,015bc7e7-2a5b-4b4e-9160-53f0d1be2b63,-81,5
1588056842.9057732,015bc7e7-2a5b-4b4e-9160-53f0d1be2b63,-81,6
1588056842.9564104,015bc7e7-2a5b-4b4e-9160-53f0d1be2b63,-81,7
1588056843.0073173,015bc7e7-2a5b-4b4e-9160-53f0d1be2b63,-81,8
1588056843.05794,015bc7e7-2a5b-4b4e-9160-53f0d1be2b63,-81,9
1588056843.1088011,015bc7e7-2a5b-4b4e-9160-53f0d1be2b63,-81,10
1588056843.1594381,015bc7e7-2a5b-4b4e-9160-53f0d1be2b63,-81,11
1588056843.2103138,015bc7e7-2a5b-4b4e-9160-53f0d1be2b63,-81,12
1588056843.260946,015bc7e7-2a5b-4b4e-9160-53f0d1be2b63,-81,0
1588056843.3117068,015bc7e7-2a5b-4b4e-9160-53f0d1be2b63,-81,1
1588056843.3623533,015bc7e7-2a5b-4b4e-9160-53f0d1be2b63,-79,2
1588056843.4132473,015bc7e7-2a5b-4b4e-9160-53f0d1be2b63,-79,3
1588056843.4638643,015bc7e7-2a5b-4b4e-9160-53f0d1be2b63,-79,4
1588056843.5145583,015bc7e7-2a5b-4b4e-9160-53f0d1be2b63,-83,5
1588056843.5651994,015bc7e7-2a5b-4b4e-9160-53f0d1be2b63,-83,6
1588056843.6161706,015bc7e7-2a5b-4b4e-9160-53f0d1be2b63,-83,7
1588056843.6667917,015bc7e7-2a5b-4b4e-9160-53f0d1be2b63,-83,8
1588056843.7176602,015bc7e7-2a5b-4b4e-9160-53f0d1be2b63,-83,9
1588056843.7682922,015bc7e7-2a5b-4b4e-9160-53f0d1be2b63,-83,10
1588056843.8194208,015bc7e7-2a5b-4b4e-9160-53f0d1be2b63,-83,11
1588056843.8700774,015bc7e7-2a5b-4b4e-9160-53f0d1be2b63,-83,12
1588056843.9209702,015bc7e7-2a5b-4b4e-9160-53f0d1be2b63,-83,0
1588056843.9715748,015bc7e7-2a5b-4b4e-9160-53f0d1be2b63,-83,1
1588056844.0244403,015bc7e7-2a5b-4b4e-9160-53f0d1be2b63,-79,2
1588056844.0751355,015bc7e7-2a5b-4b4e-9160-53f0d1be2b63,-79,3
1588056844.1256516,015bc7e7-2a5b-4b4e-9160-53f0d1be2b63,-79,4
1588056844.1761317,015bc7e7-2a5b-4b4e-9160-53f0d1be2b63,-79,5
1588056844.2268505,015bc7e7-2a5b-4b4e-9160-53f0d1be2b63,-79,6
1588056844.2777064,015bc7e7-2a5b-4b4e-9160-53f0d1be2b63,-79,7
1588056844.3282795,015bc7e7-2a5b-4b4e-9160-53f0d1be2b63,-79,8
1588056844.3792048,015bc7e7-2a5b-4b4e-9160-53f0d1be2b63,-79,9
1588056844.4298148,015bc7e7-2a5b-4b4e-9160-53f0d1be2b63,-84,10
1588056844.4805777,015bc7e7-2a5b-4b4e-9160-53f0d1be2b63,-84,11
1588056844.5312295,015bc7e7-2a5b-4b4e-9160-53f0d1be2b63,-84,12
1588056844.5821295,015bc7e7-2a5b-4b4e-9160-53f0d1be2b63,-84,0
1588056844.632759,015bc7e7-2a5b-4b4e-9160-53f0d1be2b63,-84,1
1588056844.6836262,015bc7e7-2a5b-4b4e-9160-53f0d1be2b63,-84,2
1588056844.7343128,015bc7e7-2a5b-4b4e-9160-53f0d1be2b63,-84,3
1588056844.7855084,015bc7e7-2a5b-4b4e-9160-53f0d1be2b63,-84,4
1588056844.8361497,015bc7e7-2a5b-4b4e-9160-53f0d1be2b63,-84,5
1588056844.887041,015bc7e7-2a5b-4b4e-9160-53f0d1be2b63,-84,6
1588056844.9376738,015bc7e7-2a5b-4b4e-9160-53f0d1be2b63,-84,7
1588056844.988583,015bc7e7-2a5b-4b4e-9160-53f0d1be2b63,-79,8
1588056845.0391843,015bc7e7-2a5b-4b4e-9160-53f0d1be2b63,-79,9
1588056845.089776,015bc7e7-2a5b-4b4e-9160-53f0d1be2b63,-79,10
1588056845.14041,015bc7e7-2a5b-4b4e-9160-53f0d1be2b63,-81,11
1588056845.1913002,015bc7e7-2a5b-4b4e-9160-53f0d1be2b63,-81,12
1588056845.2419484,015bc7e7-2a5b-4b4e-9160-53f0d1be2b63,-81,0
1588056845.292846,015bc7e7-2a5b-4b4e-9160-53f0d1be2b63,-79,1
1588056845.3434868,015bc7e7-2a5b-4b4e-9160-53f0d1be2b63,-79,2
1588056845.3944063,015bc7e7-2a5b-4b4e-9160-53f0d1be2b63,-81,3
1588056845.4451823,015bc7e7-2a5b-4b4e-9160-53f0d1be2b63,-81,4
1588056845.4958868,015bc7e7-2a5b-4b4e-9160-53f0d1be2b63,-81,5
1588056845.546805,015bc7e7-2a5b-4b4e-9160-53f0d1be2b63,-81,6
1588056845.597449,015bc7e7-2a5b-4b4e-9160-53f0d1be2b63,-81,7
1588056845.6483514,015bc7e7-2a5b-4b4e-9160-53f0d1be2b63,-81,8
1588056845.6990054,015bc7e7-2a5b-4b4e-9160-53f0d1be2b63,-81,9
1588056845.7499416,015bc7e7-2a5b-4b4e-9160-53f0d1be2b63,-81,10
1588056845.8005903,015bc7e7-2a5b-4b4e-9160-53f0d1be2b63,-81,11
1588056845.8514977,015bc7e7-2a5b-4b4e-9160-53f0d1be2b63,-81,12
1588056845.9021394,015bc7e7-2a5b-4b4e-9160-53f0d1be2b63,-81,0
1588056845.9529488,015bc7e7-2a5b-4b4e-9160-53f0d1be2b63,-82,1
1588056846.003545,015bc7e7-2a5b-4b4e-9160-53f0d1be2b63,-82,2
1588056846.0541818,015bc7e7-2a5b-4b4e-9160-53f0d1be2b63,-82,3
1588056846.1050034,015bc7e7-2a5b-4b4e-9160-53f0d1be2b63,-82,4
1588056846.155718,015bc7e7-2a5b-4b4e-9160-53f0d1be2b63,-82,5
1588056846.2064474,015bc7e7-2a5b-4b4e-9160-53f0d1be2b63,-82,6
1588056846.2570908,015bc7e7-2a5b-4b4e-9160-53f0d1be2b63,-82,7
1588056846.3079967,015bc7e7-2a5b-4b4e-9160-53f0d1be2b63,-82,8
1588056846.3589315,015bc7e7-2a5b-4b4e-9160-53f0d1be2b63,-82,9
1588056846.4095263,015bc7e7-2a5b-4b4e-9160-53f0d1be2b63,-82,10
1588056846.4602058,015bc7e7-2a5b-4b4e-9160-53f0d1be2b63,-82,11
